Name,Gender,Birthdate
Agustin Deltor,M,1990-07-05 00:00:00
Leonardo Alvaroli,M,1992-08-24 00:00:00
Romina Bando,O,1998-11-30 00:00:00
Guada Sosena,F,1994-02-27 00:00:00
Agustin Deltor,M,1989-06-15 00:00:00
Leonardo Alvaroli,M,1958-09-04 00:00:00
Romina Bando,O,1995-10-28 00:00:00
Guada Sosena,F,1996-01-29 00:00:00
Agustin Deltor,M,1996-06-10 00:00:00
Leonardo Alvaroli,M,1997-05-26 00:00:00
Romina Bando,O,1995-10-28 00:00:00
Guada Sosena,F,1996-01-29 00:00:00
Agustin Deltor,M,1996-06-10 00:00:00
Leonardo Alvaroli,M,1997-07-26 00:00:00
Romina Bando,O,1995-10-28 00:00:00
Guada Sosena,F,1996-01-29 00:00:00
Agustin Deltor,M,1996-06-10 00:00:00
Leonardo Alvaroli,M,1997-06-27 00:00:00
Romina Bando,O,1995-10-28 00:00:00
Guada Sosena,F,1996-01-29 00:00:00
Agustin Deltor,M,1997-06-25 00:00:00
Leonardo Alvaroli,M,1997-06-25 00:00:00
Romina Bando,O,1995-10-28 00:00:00
Guada Sosena,F,1996-01-29 00:00:00